{"cameraMode":{"drawMode":0,"name":"Shaded","section":"Shading Mode"},"sceneLighting":false,"audioPlay":false,"sceneViewState":{"m_AlwaysRefresh":false,"showFog":false,"showSkybox":false,"showFlares":false,"showImageEffects":false,"showParticleSystems":false,"showVisualEffectGraphs":true,"m_FxEnabled":true},"in2DMode":false,"pivot":{"x":0.24011540412902833,"y":-0.002305358648300171,"z":-0.037356048822402957},"rotation":{"x":0.06171638146042824,"y":0.9382566213607788,"z":-0.2442789524793625,"w":0.23707740008831025},"size":1.0343711376190186,"orthographic":false}