{"cameraMode":{"drawMode":0,"name":"Shaded","section":"Shading Mode"},"sceneLighting":false,"audioPlay":false,"sceneViewState":{"m_AlwaysRefresh":false,"showFog":false,"showSkybox":false,"showFlares":false,"showImageEffects":false,"showParticleSystems":false,"showVisualEffectGraphs":true,"m_FxEnabled":true},"in2DMode":false,"pivot":{"x":-0.8133929967880249,"y":1.1729629039764405,"z":-0.3600923418998718},"rotation":{"x":-0.06030318886041641,"y":0.9127270579338074,"z":-0.14607609808444978,"w":-0.37678658962249758},"size":1.8073949813842774,"orthographic":false}